_id,Kecamatan,Jenis Faskes,Penyelenggara Faskes,Nama Faskes
1,Asemrowo,Puskesmas Induk,Pemerintah Kota,Puskesmas Asemrowo
2,Asemrowo,Puskesmas Pembantu (Pustu),Pemerintah Kota,Pustu Tambak Langon
3,Asemrowo,Klinik Pratama,swasta,NAYAKA HUSADA 03
4,Benowo,Apotek,lainnya,KIMIA FARMA BUKIT PALMA
5,Benowo,Rumah Sakit Umum,Pemerintah Kota,RS Umum Daerah Bhakti Dharma Husada
6,Benowo,Puskesmas Induk,Pemerintah Kota,Puskesmas Sememi
7,Benowo,Puskesmas Pembantu (Pustu),Pemerintah Kota,Pustu Kandangan
8,Benowo,Puskesmas Pembantu (Pustu),Pemerintah Kota,Pustu Romo Kalisari
9,Benowo,Rumah Sakit Umum,Swasta,RS Bunda
10,Benowo,Apotek,swasta,KANDANGAN
11,Benowo,Apotek,swasta,K - 96
12,Benowo,Apotek,swasta,VIVA GENERIK KLAKAH REJO
13,Benowo,Apotek,swasta,RENO FARMA
14,Benowo,Apotek,swasta,HAPSARI
15,Benowo,Apotek,swasta,BENOWO APPOTIK
16,Benowo,Apotek,swasta,KUSURI MAINCARE
17,Benowo,Apotek,swasta,Wahyu Buana Medika
18,Benowo,Apotek,swasta,Pahala Bukit Palma
19,Benowo,Klinik Pratama,swasta,KARYA MEDIKA 111
20,Benowo,Klinik Pratama,swasta,DOKTER ANANG SURABAYA
21,Bubutan,Puskesmas Induk,Pemerintah Kota,Puskesmas Gundih
22,Bubutan,Puskesmas Induk,Pemerintah Kota,Puskesmas Tembok Dukuh
23,Bubutan,Puskesmas Pembantu (Pustu),Pemerintah Kota,Pustu Asem Jajar
24,Bubutan,Rumah Sakit Khusus,Swasta,RS Ibu dan Anak IBI Surabaya
25,Bubutan,Apotek,swasta,USAHA
26,Bubutan,Apotek,swasta,KALIBUTUH
27,Bubutan,Apotek,swasta,PRODERMA
28,Bubutan,Apotek,swasta,FILLINA
29,Bubutan,Apotek,swasta,NOVEM
30,Bubutan,Apotek,swasta,MEGA SURYA
31,Bubutan,Apotek,swasta,VIVA APOTEK PURWODADI
32,Bubutan,Toko Obat,swasta,CARREFOUR BUBUTAN
33,Bubutan,Toko Obat,swasta,XING LIN
34,Bubutan,Toko Obat,swasta,Super Indo Apartemen Gunawangsa
35,Bubutan,Klinik Pratama,swasta,Anugerah Karya Medika 102
36,Bubutan,Klinik Pratama,swasta,DON BOSCO
37,Bubutan,Klinik Pratama,swasta,SAMARIA
38,Bubutan,Klinik Pratama,swasta,DERMALOVE SCIENCE OF BEAUTY
39,Bulak,Apotek,lainnya,Kimia Farma Suramadu
40,Bulak,Puskesmas Induk,Pemerintah Kota,Puskesmas Kenjeran
41,Bulak,Puskesmas Pembantu (Pustu),Pemerintah Kota,Pustu Bulak
42,Bulak,Puskesmas Pembantu (Pustu),Pemerintah Kota,Pustu Kedung Cowek
43,Bulak,Apotek,swasta,VIVA APOTEK BULAK SETRO
44,Bulak,Apotek,swasta,BITA MEDIKA
45,Bulak,Apotek,swasta,Efi Barokah
46,Bulak,Toko Obat,swasta,DWIJAYA SENTOSA ABADI
47,Bulak,Klinik Pratama,TNI/POLRI,KENJERAN DISKES LANTAMAL V
48,Bulak,Klinik Pratama,TNI/POLRI,PUSDIKLAT HANUDNAS
49,Darmo,Klinik Pratama,swasta,KIMIA FARMA DARMO
50,Dukuh Pakis,Apotek,lainnya,KIMIA FARMA 52
51,Dukuh Pakis,Klinik Pratama,lainnya,GUNUNGSARI
52,Dukuh Pakis,Puskesmas Induk,Pemerintah Kota,Puskesmas Dukuh Kupang
53,Dukuh Pakis,Puskesmas Pembantu (Pustu),Pemerintah Kota,Pustu Gunungsari
54,Dukuh Pakis,Puskesmas Pembantu (Pustu),Pemerintah Kota,Pustu Pradah Kali Kendal
55,Dukuh Pakis,Apotek,swasta,DUTA FARMA
56,Dukuh Pakis,Apotek,swasta,TIARA
57,Dukuh Pakis,Apotek,swasta,TIARA BUKIT DARMO
58,Dukuh Pakis,Apotek,swasta,ETIKA FARMA
59,Dukuh Pakis,Apotek,swasta,INDAH FARMA
60,Dukuh Pakis,Apotek,swasta,PHARMACARE
61,Dukuh Pakis,Apotek,swasta,E - MEDICA
62,Dukuh Pakis,Apotek,swasta,GUARDIAN SURABAYA CIPUTRA WORLD
63,Dukuh Pakis,Apotek,swasta,K - 24 DUKUH KUPANG
64,Dukuh Pakis,Apotek,swasta,SIAGA FARMA 2
65,Dukuh Pakis,Apotek,swasta,MAHARVA MEDIKA
66,Dukuh Pakis,Apotek,swasta,WATSONS LENMARC
67,Dukuh Pakis,Apotek,swasta,Halomedika Dukuh Pakis
68,Dukuh Pakis,Toko Obat,swasta,HYPERMART CIPUTRA WORLD
69,Dukuh Pakis,Toko Obat,swasta,toko Obat PT. Trans Retail Indonesia Cabang Transmart Carrefour Lenmarc Surabaya
70,Dukuh Pakis,Toko Obat,swasta,Super Indo HR. Muhammad
71,Dukuh Pakis,Klinik Utama,swasta,GIGI SEHAT
72,Dukuh Pakis,Klinik Pratama,swasta,ANUGRAH
73,Dukuh Pakis,Klinik Pratama,swasta,REDEMPTOR MUNDI
74,Dukuh Pakis,Klinik Pratama,swasta,Q - LIFE KLINIK
75,Dukuh Pakis,Klinik Pratama,swasta,TANATA
76,Dukuh Pakis,Klinik Pratama,swasta,ERNADE
77,Dukuh Pakis,Klinik Pratama,swasta,MAHARVA
78,Dukuh Pakis,Klinik Pratama,swasta,DIANDRA
79,Dukuh Pakis,Klinik Pratama,swasta,DERMASTER
80,Dukuh Pakis,Klinik Pratama,swasta,dr. MF
81,Dukuh Pakis,Klinik Pratama,swasta,MEDIKA HOLISTIK
82,Dukuh Pakis,Klinik Pratama,swasta,MAHARVA
83,Dukuh Pakis,Klinik Utama,swasta,GIGI SEHAT
84,Dukuh Pakis,Klinik Utama,swasta,ESTHER
85,Dukuh Pakis,Klinik Utama,swasta,ROYAL CLINIC
86,Dukuh Pakis,Klinik Utama,swasta,PWHC
87,Dukuh Pakis,Klinik Utama,swasta,WIJAYA KUSUMA
88,Dukuh Pakis,Klinik Utama,swasta,DENTALPOINT
89,Dukuh Pakis,Klinik Utama,swasta,PROSPEK
90,Dukuh Pakis,Klinik Utama,swasta,SKINDA DERMATOAESTHETIC CLINIC
91,Dukuh Pakis,Klinik Utama,swasta,REJUVA
92,Dukuh Pakis,Klinik Utama,swasta,PARAHITA DIAGNOSTIC CENTER
93,Dukuh Pakis,Klinik Utama,swasta,FDC
94,Dukuh Pakis,Klinik Utama,swasta,INDENTAL VILLA BUKIT MAS
95,Dukuh Pakis,Rumah Sakit Umum,TNI/POLRI,RS Marinir Ewa Pangalila Gunungsari
96,Gayungan,Apotek,lainnya,KIMIA FARMA KETINTANG
97,Gayungan,Puskesmas Induk,Pemerintah Kota,Puskesmas Gayungan
98,Gayungan,Puskesmas Pembantu (Pustu),Pemerintah Kota,Pustu Dukuh Menanggal
99,Gayungan,Labkesda/GFK,Pemerintah Kota,Labkesda Kota Surabaya
100,Gayungan,Rumah Sakit Khusus,Pemerintah Provinsi,RS Mata Masyarakat Jawa Timur
101,Gayungan,Rumah Sakit Umum,Swasta,RS Bhakti Rahayu
102,Gayungan,Apotek,swasta,DHARMA
103,Gayungan,Apotek,swasta,NEW BINTANG
104,Gayungan,Apotek,swasta,RINDANG FARMA
105,Gayungan,Apotek,swasta,K - 24 MENANGGAL
106,Gayungan,Apotek,swasta,CIKAL
107,Gayungan,Apotek,swasta,PAHALA KETINTANG
108,Gayungan,Apotek,swasta,K - 24 GAYUNGAN
109,Gayungan,Apotek,swasta,MEDSENTRAL
110,Gayungan,Apotek,swasta,TELKOMEDIKA KETINTANG
111,Gayungan,Toko Obat,swasta,BOSTON HEALTH & BEAUTY CITO / HYPERMART CITO
112,Gayungan,Toko Obat,swasta,GUARDIAN ROYAL PLAZA
113,Gayungan,Klinik Pratama,swasta,PONDOK KASIH
114,Gayungan,Klinik Pratama,swasta,ADI HAYATI
115,Gayungan,Klinik Pratama,swasta,YAKES TELKOM
116,Gayungan,Klinik Pratama,swasta,DINA AKUPUNTUR & BEAUTY CARE
117,Gayungan,Klinik Utama,swasta,CITRA MEDICAL CENTRE
118,Gayungan,Klinik Utama,swasta,USADA BUANA
119,Gayungan,Klinik Utama,swasta,HAFIRA SKIN CARE
120,Gayungan,Klinik Utama,swasta,SURYA DIAGNOSA MEDIKA
121,Gayungan,Klinik Utama,swasta,DINA
122,Gayungan,Klinik Utama,swasta,CONFIDENTS DENTAL HOUSE
123,Gayungan,Rumah Sakit Umum,TNI/POLRI,RS Bhayangkara TK II HS. Samsoeri Mertojoso
124,Gayungan,Klinik Pratama,TNI/POLRI,BIDDOKES AHMAD YANI
125,Genteng,Apotek,lainnya,KIMIA FARMA KUSUMA BANGSA
126,Genteng,Apotek,lainnya,KIMIA FARMA UNDAAN
127,Genteng,Puskesmas Induk,Pemerintah Kota,Puskesmas Ketabang
128,Genteng,Puskesmas Induk,Pemerintah Kota,Puskesmas Peneleh
129,Genteng,Puskesmas Pembantu (Pustu),Pemerintah Kota,Pustu Embong Kaliasin
130,Genteng,Rumah Sakit Umum,Swasta,RS Adi Husada Undaan
131,Genteng,Rumah Sakit Khusus,Swasta,RS Mata Undaan
132,Genteng,Apotek,swasta,METRO FARMA
133,Genteng,Apotek,swasta,LISTI FARMA
134,Genteng,Apotek,swasta,PRAYOGI
135,Genteng,Apotek,swasta,TANJUNG
136,Genteng,Apotek,swasta,POLYFARMA
137,Genteng,Apotek,swasta,KUSUMA
138,Genteng,Apotek,swasta,APOTEK HAPPY
139,Genteng,Apotek,swasta,WATSONS PLAZA SURABAYA
140,Genteng,Apotek,swasta,GUARDIAN SURABAYA PLAZA
141,Genteng,Apotek,swasta,GUARDIAN GRAND CITY SURABAYA
142,Genteng,Apotek,swasta,WATSONS GRAND CITY MALL
143,Genteng,Toko Obat,swasta,BAN SENG TONG
144,Genteng,Toko Obat,swasta,SUMBER JAYA
145,Genteng,Toko Obat,swasta,SUPER INDO DELTA PLAZA
146,Genteng,Klinik Pratama,swasta,POLIKLINIK YAYASAN PEGAWAI BANK JATIM
147,Genteng,Klinik Pratama,swasta,Dinas Pendidikan Propinsi Jawa Timur
148,Genteng,Klinik Pratama,swasta,SENTUHAN KASIH BANGSA
149,Genteng,Klinik Pratama,swasta,KARYA MEDIKA 41
150,Genteng,Klinik Pratama,swasta,SKIN INNOVATION
151,Genteng,Klinik Pratama,swasta,GRAHA dr. YANTI
152,Genteng,Klinik Pratama,swasta,MARIA ELIZABETH
153,Genteng,Klinik Pratama,swasta,LAURENT'S
154,Genteng,Klinik Pratama,swasta,ADINA MEDIKA
155,Genteng,Klinik Pratama,swasta,KELUARGA PINTAR
156,Genteng,Klinik Utama,swasta,EAGLES HEAD MEDICAL CENTRE
157,Genteng,Klinik Utama,swasta,KAYOON
158,Genteng,Klinik Utama,swasta,L' VIORS
159,Genteng,Klinik Utama,swasta,PRIMA
160,Genteng,Klinik Utama,swasta,GLENEAGLES
161,Genteng,Klinik Utama,swasta,WIBOWO DENTAL CLINIC
162,Genteng,Klinik Utama,swasta,PADMA BAHTERA
163,Gubeng,Rumah Sakit Khusus,Kementrian Lain,RS Gigi dan Mulut FKG Universitas Airlangga
164,Gubeng,Apotek,lainnya,KIMIA FARMA 35
165,Gubeng,Apotek,lainnya,KIMIA FARMA KALIBOKOR
166,Gubeng,Apotek,lainnya,KIMIA FARMA DHARMAHUSADA
167,Gubeng,Puskesmas Induk,Pemerintah Kota,Puskesmas Mojo
168,Gubeng,Puskesmas Induk,Pemerintah Kota,Puskesmas Pucang Sewu
169,Gubeng,Puskesmas Pembantu (Pustu),Pemerintah Kota,Pustu Baratajaya
170,Gubeng,Puskesmas Pembantu (Pustu),Pemerintah Kota,Pustu Gubeng Klingsingan
171,Gubeng,Klinik Pratama,Pemerintah Kota Surabaya,BNN KOTA SURABAYA
172,Gubeng,Rumah Sakit Khusus,Pemerintah Provinsi,RS Jiwa Menur
173,Gubeng,Rumah Sakit Umum,Swasta,RS Umum Siloam Hospitals Surabaya
174,Gubeng,Rumah Sakit Khusus,Swasta,RS Ibu dan Anak Pura Raharja
175,Gubeng,Rumah Sakit Khusus,Swasta,RS Ibu dan Anak Ferina
176,Gubeng,Apotek,swasta,ALISA
177,Gubeng,Apotek,swasta,KIMIA FARMA 24
178,Gubeng,Apotek,swasta,AGRIPA
179,Gubeng,Apotek,swasta,SALMA FARMA
180,Gubeng,Apotek,swasta,MARTURIA
181,Gubeng,Apotek,swasta,TRIMAS
182,Gubeng,Apotek,swasta,MENTARI FARMA
183,Gubeng,Apotek,swasta,BHINEKA FARMA
184,Gubeng,Apotek,swasta,ASRI FARMA
185,Gubeng,Apotek,swasta,KALIDAMI FARMA
186,Gubeng,Apotek,swasta,OKTA
187,Gubeng,Apotek,swasta,SURYASARI SEJAHTERA
188,Gubeng,Apotek,swasta,NGAGEL JAYA
189,Gubeng,Apotek,swasta,PEMUDA
190,Gubeng,Apotek,swasta,MULYA HUSADA
191,Gubeng,Apotek,swasta,PUCANG
192,Gubeng,Apotek,swasta,BAWEAN
193,Gubeng,Apotek,swasta,MELIANA
194,Gubeng,Apotek,swasta,DHARMAWANGSA
195,Gubeng,Apotek,swasta,FARMASI AIRLANGGA
196,Gubeng,Apotek,swasta,NGINDEN FARMA
197,Gubeng,Apotek,swasta,TRIJAYA ABADI
198,Gubeng,Apotek,swasta,K - 24 DHARMAHUSADA
199,Gubeng,Apotek,swasta,ALIN FARMA
200,Gubeng,Apotek,swasta,REJEKI
201,Gubeng,Apotek,swasta,K-24 PASAR PUCANG
202,Gubeng,Apotek,swasta,VIARA MED
203,Gubeng,Apotek,swasta,VIVA APOTEK KALIDAMI
204,Gubeng,Apotek,swasta,VIVA APOTEK GUBENG
205,Gubeng,Apotek,swasta,INDOSEHAT
206,Gubeng,Apotek,swasta,BINANGUN
207,Gubeng,Apotek,swasta,KASIH FARMA
208,Gubeng,Apotek,swasta,K-24 JOJORAN
209,Gubeng,Apotek,swasta,E-MEDICA KARANG MENJANGAN
210,Gubeng,Apotek,swasta,PROVITA
211,Gubeng,Apotek,swasta,VIVA APOTEK PUCANG ANOM
212,Gubeng,Apotek,swasta,pucang taman
213,Gubeng,Apotek,swasta,POLARIS
214,Gubeng,Apotek,swasta,TIARA MANYAR
215,Gubeng,Toko Obat,swasta,MERIDIAN
216,Gubeng,Toko Obat,swasta,LION SUPER INDO DHARMAHUSADA
217,Gubeng,Toko Obat,swasta,SIERRA
218,Gubeng,Toko Obat,swasta,TOKO OBAT BONNET SWALAYAN
219,Gubeng,Klinik Pratama,swasta,PLK - UA KAMPUS B UNAIR
220,Gubeng,Klinik Pratama,swasta,dr. J HEALTH AND BEAUTY CLINIC
221,Gubeng,Klinik Pratama,swasta,65 (LXV)
222,Gubeng,Klinik Pratama,swasta,QUALITA MEDIKA
223,Gubeng,Klinik Pratama,swasta,BULAN SABIT MERAH INDONESIA
224,Gubeng,Klinik Pratama,swasta,SARTIKA 36
225,Gubeng,Klinik Pratama,swasta,PRAMESWARI
226,Gubeng,Klinik Pratama,swasta,MITRA MEDICARE
227,Gubeng,Klinik Pratama,swasta,SANTA MARIA TAK BERCELA
228,Gubeng,Klinik Pratama,swasta,AMANINA MEDIKA
229,Gubeng,Klinik Pratama,swasta,KLINIK KERTAJAYA
230,Gubeng,Klinik Pratama,swasta,RUMAH SUNATAN
231,Gubeng,Klinik Pratama,swasta,ESTINE
232,Gubeng,Klinik Pratama,swasta,deLovely
233,Gubeng,Klinik Pratama,swasta,MS GLOW AESTHETIC CLINIC
234,Gubeng,Klinik Pratama,swasta,HOUSE OF DERMALOVE SCIENCE OF BEAUTY
235,Gubeng,Klinik Pratama,swasta,HOUSE OF HEALTHY LIVING CENTER (H2LC)
236,Gubeng,Klinik Pratama,swasta,VIV CLINIC
237,Gubeng,Klinik Pratama,swasta,CANTIK
238,Gubeng,Klinik Pratama,swasta,THE EMDEE SKIN CLINIC
239,Gubeng,Klinik Pratama,swasta,NAAVAGREEN NATURAL SKINCARE
240,Gubeng,Klinik Utama,swasta,ULTRA MEDICA
241,Gubeng,Klinik Utama,swasta,SURABAYA SKIN CENTRE
242,Gubeng,Klinik Utama,swasta,TRITYA
243,Gubeng,Klinik Utama,swasta,NEURON CLINIC
244,Gubeng,Klinik Utama,swasta,KANANI
245,Gubeng,Klinik Utama,swasta,PARAHITA DIAGNOSTIC CENTER
246,Gubeng,Klinik Utama,swasta,MEDICELLE
247,Gubeng,Klinik Utama,swasta,DHARMAHUSADA PRIMER
248,Gubeng,Klinik Utama,swasta,PRAMITA
249,Gubeng,Klinik Utama,swasta,MAKMURI (KHUSUS WANITA & ANAK)
250,Gubeng,Klinik Utama,swasta,DERMAGICAL (KHUSUS WANITA DAN ANAK)
251,Gubeng,Klinik Utama,swasta,INDENTAL
252,Gubeng,Rumah Sakit Umum,TNI/POLRI,RS Ibu dan Anak Bantuan 05.08.05 Surabaya
253,Gunung Anyar,Apotek,lainnya,KIMIA FARMA 22 UPN
254,Gunung Anyar,Puskesmas Induk,Pemerintah Kota,Puskesmas Gunung Anyar
255,Gunung Anyar,Puskesmas Pembantu (Pustu),Pemerintah Kota,Pustu Rungkut Menanggal
256,Gunung Anyar,Apotek,swasta,MARTINA
257,Gunung Anyar,Apotek,swasta,DOA SEHAT
258,Gunung Anyar,Apotek,swasta,CITRA FARMA
259,Gunung Anyar,Apotek,swasta,STAR FARMA
260,Gunung Anyar,Apotek,swasta,PATEN JAYA
261,Gunung Anyar,Apotek,swasta,PURI HUSADA
262,Gunung Anyar,Apotek,swasta,MARGUNA SEHAT
263,Gunung Anyar,Apotek,swasta,KITA
264,Gunung Anyar,Apotek,swasta,A GUNUNG ANYAR
265,Gunung Anyar,Apotek,swasta,VIVA APOTEK RUNGKUT TENGAH
266,Gunung Anyar,Apotek,swasta,JULIA
267,Gunung Anyar,Apotek,swasta,S2
268,Gunung Anyar,Klinik Pratama,swasta,AT - TAUFIQ
269,Gunung Anyar,Klinik Pratama,swasta,KESEJAHTERAAN 11
270,Gunung Anyar,Klinik Pratama,swasta,OPTIMA
271,Gunung Anyar,Klinik Pratama,swasta,PARADISE
272,Gunung Anyar,Klinik Pratama,swasta,SIER
273,Gunung Anyar,Klinik Pratama,swasta,KECANTIKAN NATURA
274,Gunung Anyar,Klinik Pratama,swasta,NURANI JAYA 83
275,Gunung Anyar,Klinik Utama,swasta,OPTIMA
276,Gunung Anyar,Klinik Utama,swasta,ALTAIR POLITEKNIK PELAYARAN SURABAYA
277,Jambangan,Apotek,lainnya,KIMIA FARMA KEBONSARI
278,Jambangan,Puskesmas Induk,Pemerintah Kota,Puskesmas Kebonsari
279,Jambangan,Puskesmas Pembantu (Pustu),Pemerintah Kota,Pustu Jambangan
280,Jambangan,Puskesmas Pembantu (Pustu),Pemerintah Kota,Pustu Karah
281,Jambangan,Puskesmas Pembantu (Pustu),Pemerintah Kota,Pustu Ketintang
282,Jambangan,Puskesmas Pembantu (Pustu),Pemerintah Kota,Pustu Pagesangan
283,Jambangan,Rumah Sakit Khusus,Swasta,RS Ibu dan Anak Cempaka Putih Permata
284,Jambangan,Apotek,swasta,JAMBANGAN
285,Jambangan,Apotek,swasta,KEBONSARI
286,Jambangan,Apotek,swasta,K - 24 KEBONSARI
287,Jambangan,Apotek,swasta,UMI
288,Jambangan,Apotek,swasta,K-24 KARAH
289,Jambangan,Apotek,swasta,ALTHA
290,Jambangan,Apotek,swasta,9 Bintang Farma
291,Jambangan,Klinik Pratama,swasta,ST. VINCENTIUS A PAULO (KARAH)
292,Jambangan,Klinik Pratama,swasta,BK 10
293,Karang Pilang,Klinik Pratama,lainnya,SUTEDI SENAPUTRA
294,Karang Pilang,Puskesmas Induk,Pemerintah Kota,Puskesmas Kedurus
295,Karang Pilang,Puskesmas Pembantu (Pustu),Pemerintah Kota,Pustu Kebraon
296,Karang Pilang,Puskesmas Pembantu (Pustu),Pemerintah Kota,Pustu Warugunung
297,Karang Pilang,Apotek,swasta,PALAPA JAYA
298,Karang Pilang,Apotek,swasta,DERY FARMA
299,Karang Pilang,Apotek,swasta,K 3
300,Karang Pilang,Apotek,swasta,VIVA GENERIK GRIYA KEBRAON
301,Karang Pilang,Apotek,swasta,PUSPASARI KEDURUS
302,Karang Pilang,Apotek,swasta,K24 MASTRIP
303,Karang Pilang,Apotek,swasta,INDERA
304,Karang Pilang,Toko Obat,swasta,LOTTE SHOPPING INDONESIA
305,Karang Pilang,Toko Obat,swasta,SUPER INDO MASTRIP
306,Karang Pilang,Klinik Pratama,swasta,SARTIKA 44
307,Karang Pilang,Klinik Pratama,swasta,PUTRI RAHAYU
308,Karang Pilang,Klinik Pratama,swasta,NAYAKA HUSADA KEBRAON
309,Karang Pilang,Klinik Pratama,swasta,PHC KEBRAON
310,Kenjeran,Puskesmas Induk,Pemerintah Kota,Puskesmas Bulak Banteng
311,Kenjeran,Puskesmas Induk,Pemerintah Kota,Puskesmas Sidotopo Wetan
312,Kenjeran,Puskesmas Induk,Pemerintah Kota,Puskesmas Tambak Wedi
313,Kenjeran,Puskesmas Induk,Pemerintah Kota,Puskesmas Tanah Kali Kedinding
314,Kenjeran,Puskesmas Pembantu (Pustu),Pemerintah Kota,Pustu Tanah Kali Kedinding
315,Kenjeran,Apotek,swasta,NINDYA
316,Kenjeran,Apotek,swasta,ALQI
317,Kenjeran,Apotek,swasta,RAFA FARMA
318,Kenjeran,Apotek,swasta,VIVA APOTEK RANDU INDAH
319,Kenjeran,Apotek,swasta,ADITARA 2
320,Kenjeran,Apotek,swasta,NAHDA FARMA
321,Kenjeran,Apotek,swasta,AMAJING IAN
322,Kenjeran,Apotek,swasta,RAFA FARMA 2
323,Kenjeran,Apotek,swasta,RANDU FARMA
324,Kenjeran,Apotek,swasta,AZZAM FARMA
325,Kenjeran,Apotek,swasta,K-24 POGOT
326,Kenjeran,Apotek,swasta,K - 24 SIDOTOPO WETAN
327,Kenjeran,Apotek,swasta,TANSAH SEHAT FARMA
328,Kenjeran,Apotek,swasta,K-24 KEDINDING LOR
329,Kenjeran,Klinik Pratama,swasta,AL FITHRAH
330,Kenjeran,Klinik Pratama,swasta,WONOSARI
331,Kenjeran,Klinik Utama,swasta,SRI HARTI SOEROSO
332,Krembangan,Puskesmas Induk,Pemerintah Kota,Puskesmas Dupak
333,Krembangan,Puskesmas Induk,Pemerintah Kota,Puskesmas Krembangan Selatan
334,Krembangan,Puskesmas Induk,Pemerintah Kota,Puskesmas Morokrembangan
335,Krembangan,Puskesmas Pembantu (Pustu),Pemerintah Kota,Pustu Krembangan Baru
336,Krembangan,Apotek,swasta,TIGA DUA LIMA
337,Krembangan,Apotek,swasta,ADI FARMA
338,Krembangan,Apotek,swasta,SHERWIN
339,Krembangan,Apotek,swasta,OKKY
340,Krembangan,Apotek,swasta,SIAGA MUSTIKA RAHAYU
341,Krembangan,Apotek,swasta,LAYZA FARMA
342,Krembangan,Klinik Pratama,swasta,RAJAWALI
343,Krembangan,Klinik Pratama,swasta,KELSAPA
344,Krembangan,Klinik Pratama,swasta,SANTA ANNA
345,Krembangan,Klinik Pratama,swasta,NAYAKA HUSADA 01
346,Krembangan,Klinik Pratama,swasta,AL - AZHAR
347,Krembangan,Klinik Utama,swasta,PRAMITA
348,Krembangan,Klinik Utama,swasta,SPEKTRUM
349,Krembangan,Klinik Pratama,TNI/POLRI,POLRESTABES SURABAYA
350,Krembangan,Klinik Pratama,TNI/POLRI,SUBDITKES AAL
351,Krembangan,Klinik Pratama,TNI/POLRI,SATBRIMOB POLDA JATIM
352,Krembangan,Klinik Pratama,TNI/POLRI,SATKES KODIKLATAL
353,Krembangan,Klinik Pratama,TNI/POLRI,BHAYANGKARA M. DAHLAN
354,Lakarsantri,Apotek,lainnya,KIMIA FARMA G WALK
355,Lakarsantri,Apotek,lainnya,KIMIA FARMA 459
356,Lakarsantri,Puskesmas Induk,Pemerintah Kota,Puskesmas Bangkingan
357,Lakarsantri,Puskesmas Induk,Pemerintah Kota,Puskesmas Jeruk
358,Lakarsantri,Puskesmas Induk,Pemerintah Kota,Puskesmas Lidah Kulon
359,Lakarsantri,Rumah Sakit Khusus,Swasta,RS Orthopedi dan Traumatologi Surabaya
360,Lakarsantri,Apotek,swasta,WANGI
361,Lakarsantri,Apotek,swasta,SUKSES
362,Lakarsantri,Apotek,swasta,KIMMY
363,Lakarsantri,Apotek,swasta,HIKMAH
364,Lakarsantri,Apotek,swasta,DIAH FARMA
365,Lakarsantri,Apotek,swasta,K - 24 MANUKAN TAMA
366,Lakarsantri,Apotek,swasta,d18
367,Lakarsantri,Apotek,swasta,SRIKAYA
368,Lakarsantri,Apotek,swasta,SEHATI
369,Lakarsantri,Apotek,swasta,WATSONS SUPERMALL PAKUWON
370,Lakarsantri,Apotek,swasta,BOSTON HEALTH & BEAUTY
371,Lakarsantri,Apotek,swasta,DWI
372,Lakarsantri,Apotek,swasta,UTAMA
373,Lakarsantri,Apotek,swasta,K-24 LIDAH WETAN
374,Lakarsantri,Apotek,swasta,K-24 LAKARSANTRI
375,Lakarsantri,Apotek,swasta,W
376,Lakarsantri,Toko Obat,swasta,SUPER INDO CITRALAND SQUARE
377,Lakarsantri,Klinik Pratama,swasta,SUPER SKIN
378,Lakarsantri,Klinik Pratama,swasta,ERHA SKIN MENGANTI
379,Lakarsantri,Klinik Pratama,swasta,NEW LIFE
380,Lakarsantri,Klinik Pratama,swasta,GLOBAL SEJAHTERA ABADA 3
381,Lakarsantri,Klinik Pratama,swasta,LUMINAIRE
382,Lakarsantri,Klinik Utama,swasta,IDAF HUSADA
383,Lakarsantri,Klinik Utama,swasta,MIRACLE AESTHETIC CLINIC
384,Mulyorejo,Rumah Sakit Umum,Kementrian Lain,RS Universitas Airlangga
385,Mulyorejo,Apotek,lainnya,KIMIA FARMA HEALTH AND BEAUTY PAKUWON CITY
386,Mulyorejo,Puskesmas Induk,Pemerintah Kota,Puskesmas Kalijudan
387,Mulyorejo,Puskesmas Induk,Pemerintah Kota,Puskesmas Mulyorejo
388,Mulyorejo,Puskesmas Pembantu (Pustu),Pemerintah Kota,Pustu Sutorejo
389,Mulyorejo,Puskesmas Pembantu (Pustu),Pemerintah Kota,Pustu Mulyorejo / wisma permai
390,Mulyorejo,Rumah Sakit Umum,Swasta,RS Manyar Medical Centre
391,Mulyorejo,Rumah Sakit Khusus,Swasta,RS Ibu dan Anak Kendangsari Merr
392,Mulyorejo,Rumah Sakit Umum,Swasta,RS Mitra Keluarga Kenjeran
393,Mulyorejo,Apotek,swasta,MULYOREJO
394,Mulyorejo,Apotek,swasta,MUSTAJAB
395,Mulyorejo,Apotek,swasta,BAGIANA
396,Mulyorejo,Apotek,swasta,ALBA MEDIKA
397,Mulyorejo,Apotek,swasta,JEFARMA
398,Mulyorejo,Apotek,swasta,CHRIST
399,Mulyorejo,Apotek,swasta,GUARDIAN SHOP IN GALAXY MALL
400,Mulyorejo,Apotek,swasta,FAMILY FARMA
401,Mulyorejo,Apotek,swasta,K - 24 MULYOSARI
402,Mulyorejo,Apotek,swasta,XION
403,Mulyorejo,Apotek,swasta,PRISKA
404,Mulyorejo,Apotek,swasta,VITO
405,Mulyorejo,Apotek,swasta,IBECA FARMA
406,Mulyorejo,Apotek,swasta,HAVANDI
407,Mulyorejo,Apotek,swasta,CINDI
408,Mulyorejo,Apotek,swasta,FITRIN
409,Mulyorejo,Apotek,swasta,SMILE PLUS
410,Mulyorejo,Apotek,swasta,KEISSA
411,Mulyorejo,Apotek,swasta,XAVIER
412,Mulyorejo,Apotek,swasta,K - 24 MERR KALIJUDAN
413,Mulyorejo,Apotek,swasta,MUJUR SURYA
414,Mulyorejo,Apotek,swasta,MELISA FARMA
415,Mulyorejo,Apotek,swasta,ELHA
416,Mulyorejo,Apotek,swasta,WATSONS EAST COST
417,Mulyorejo,Apotek,swasta,ENGGAL HUSADA
418,Mulyorejo,Apotek,swasta,UNI MEDIKA
419,Mulyorejo,Apotek,swasta,WATSONS GALAXY MALL SURABAYA
420,Mulyorejo,Apotek,swasta,GUARDIAN GALAXY MALL 3
421,Mulyorejo,Apotek,swasta,AIRDAS FARMA
422,Mulyorejo,Apotek,swasta,WATSONS GALAX MALL 2
423,Mulyorejo,Apotek,swasta,36 Merr
424,Mulyorejo,Toko Obat,swasta,INTISARI
425,Mulyorejo,Toko Obat,swasta,ZHONG YAO
426,Mulyorejo,Toko Obat,swasta,BOSTON HEALTH & BEAUTY ECC
427,Mulyorejo,Toko Obat,swasta,SUPERINDO KERTAJAYA
428,Mulyorejo,Toko Obat,swasta,Hypermart ECC
429,Mulyorejo,Toko Obat,swasta,Super Indo Central Park
430,Mulyorejo,Toko Obat,swasta,GUARDIAN EAST COST
431,Mulyorejo,Toko Obat,swasta,RANCH MARKET
432,Mulyorejo,Klinik Pratama,swasta,PLK - UA KAMPUS C UNAIR
433,Mulyorejo,Klinik Pratama,swasta,DOKTER AYOMAN KELUARGA
434,Mulyorejo,Klinik Pratama,swasta,ABDI MULIA
435,Mulyorejo,Klinik Pratama,swasta,dr. Subur Prajitno
436,Mulyorejo,Klinik Pratama,swasta,YAYASAN SOSIAL ABDIHUSADA UTAMA
437,Mulyorejo,Klinik Pratama,swasta,ZAP GALAKSI
438,Mulyorejo,Klinik Pratama,swasta,SKIDENT AESTHETIC CENTER
439,Mulyorejo,Klinik Pratama,swasta,ANF
440,Mulyorejo,Klinik Pratama,swasta,LONDON BEAUTY CENTRE
441,Mulyorejo,Klinik Pratama,swasta,BIOTECH
442,Mulyorejo,Klinik Utama,swasta,3D CLINIC
443,Mulyorejo,Klinik Utama,swasta,MEDIKA UTAMA 2
444,Mulyorejo,Klinik Utama,swasta,WIDJAJA ASTHMA CENTRE
445,Mulyorejo,Klinik Utama,swasta,SHINY SMILE DENTAL CLINIC
446,Mulyorejo,Klinik Utama,swasta,SAYANG DIAGNOSTIC CENTER
447,Mulyorejo,Klinik Utama,swasta,PRAMITA
448,Mulyorejo,Klinik Utama,swasta,MIRACLE AESTHETIC CLINIC
449,Mulyorejo,Klinik Utama,swasta,ORTHO PLUS
450,Mulyorejo,Klinik Utama,swasta,PROFIRA
451,Mulyorejo,Klinik Utama,swasta,ERHA APOTHECARY GALAXY MALL
452,Mulyorejo,Klinik Utama,swasta,NATIONAL EYE CENTER
453,Mulyorejo,Klinik Utama,swasta,NUSANTARA MEDIKA
454,Mulyorejo,Klinik Utama,swasta,VISION EYE CLINIC
455,Mulyorejo,Klinik Utama,swasta,PARAHITA DIAGNOSTIC CENTER
456,Mulyorejo,Klinik Utama,swasta,TETA
457,Mulyorejo,Klinik Utama,swasta,MITRA HUSADA
458,Pabean Cantian,Rumah Sakit Umum,BUMN,RS Primasatya Husada Citra (PHC) Surabaya
459,Pabean Cantian,Apotek,lainnya,KIMIA FARMA NO.304
460,Pabean Cantian,Puskesmas Induk,Pemerintah Kota,Puskesmas Perak Timur
461,Pabean Cantian,Puskesmas Pembantu (Pustu),Pemerintah Kota,Pustu Bongkaran
462,Pabean Cantian,Puskesmas Pembantu (Pustu),Pemerintah Kota,Pustu Nyamplungan
463,Pabean Cantian,Puskesmas Pembantu (Pustu),Pemerintah Kota,Pustu Perak Barat
464,Pabean Cantian,Rumah Sakit Umum,Swasta,RS PKU Muhammadiyah Surabaya
465,Pabean Cantian,Rumah Sakit Umum,Swasta,RS Umum Al-Irsyad Surabaya
466,Pabean Cantian,Apotek,swasta,AN JAYA
467,Pabean Cantian,Apotek,swasta,BUNGURAN
468,Pabean Cantian,Apotek,swasta,ATUM FARMA
469,Pabean Cantian,Apotek,swasta,IBUNDA
470,Pabean Cantian,Apotek,swasta,BERLIN
471,Pabean Cantian,Apotek,swasta,8 ( DELAPAN )
472,Pabean Cantian,Apotek,swasta,BERLIN 2
473,Pabean Cantian,Apotek,swasta,SAMPURNA FARMA
474,Pabean Cantian,Apotek,swasta,SINAR BAHAGIA
475,Pabean Cantian,Apotek,swasta,BERKAH MAKMUR
476,Pabean Cantian,Apotek,swasta,K24 Kopelindo 3
477,Pabean Cantian,Toko Obat,swasta,SARI WARAS
478,Pabean Cantian,Toko Obat,swasta,MANDARIN
479,Pabean Cantian,Toko Obat,swasta,ASEAN
480,Pabean Cantian,Toko Obat,swasta,SAUDARA
481,Pabean Cantian,Toko Obat,swasta,SAHABAT KITA JAYA
482,Pabean Cantian,Toko Obat,swasta,SAUDARA ONLINE
483,Pabean Cantian,Toko Obat,swasta,BIE
484,Pabean Cantian,Toko Obat,swasta,MANDARIN 2
485,Pabean Cantian,Klinik Pratama,swasta,SEBU
486,Pabean Cantian,Klinik Utama,swasta,WIBOWO DENTAL CLINIC
487,Pabean Cantian,Klinik Utama,swasta,OILIA
488,Pabean Cantian,Rumah Sakit Umum,TNI/POLRI,RS TNI AL Dr. Oepomo
489,Pabean Cantian,Klinik Pratama,TNI/POLRI,POLRES PELABUHAN TANJUNG PERAK
490,Pakal,Puskesmas Induk,Pemerintah Kota,Puskesmas Benowo
491,Pakal,Puskesmas Pembantu (Pustu),Pemerintah Kota,Pustu Babat Jerawat
492,Pakal,Puskesmas Pembantu (Pustu),Pemerintah Kota,Pustu Pakal
493,Pakal,Puskesmas Pembantu (Pustu),Pemerintah Kota,Pustu Sumber Rejo
494,Pakal,Puskesmas Pembantu (Pustu),Pemerintah Kota,Pustu Tambak Dono
495,Pakal,Rumah Sakit Umum,Swasta,RS Islam Darus Syifa
496,Pakal,Apotek,swasta,BENOWO FARMA
497,pakal,Apotek,swasta,APP 3 PAKAL
498,Pakal,Klinik Utama,swasta,3D CLINIC
499,Rungkut,Apotek,lainnya,KIMIA FARMA PANDUGO
500,Rungkut,Apotek,lainnya,KIMIA FARMA 526 RUNGKUT
501,Rungkut,Puskesmas Induk,Pemerintah Kota,Puskesmas Kalirungkut
502,Rungkut,Puskesmas Induk,Pemerintah Kota,Puskesmas Medokan Ayu
503,Rungkut,Puskesmas Pembantu (Pustu),Pemerintah Kota,Pustu Medokan Ayu
504,Rungkut,Puskesmas Pembantu (Pustu),Pemerintah Kota,Pustu Penjaringan Sari
505,Rungkut,Puskesmas Pembantu (Pustu),Pemerintah Kota,Pustu Rungkut Kidul
506,Rungkut,Rumah Sakit Umum,Swasta,RS Umum Royal Surabaya
507,Rungkut,Apotek,swasta,SETIABUDI
508,Rungkut,Apotek,swasta,SIDO WARAS
509,Rungkut,Apotek,swasta,VALENTINO
510,Rungkut,Apotek,swasta,JIREH
511,Rungkut,Apotek,swasta,ELLY
512,Rungkut,Apotek,swasta,GOHLIS
513,Rungkut,Apotek,swasta,DANDE FARMA
514,Rungkut,Apotek,swasta,CENTRO
515,Rungkut,Apotek,swasta,JESA INTI FARMA
516,Rungkut,Apotek,swasta,TAKAVI
517,Rungkut,Apotek,swasta,MEDAYU FARMA
518,Rungkut,Apotek,swasta,ARDILA
519,Rungkut,Apotek,swasta,VIVA GENERIK KEDUNG ASEM
520,Rungkut,Apotek,swasta,CENDRAWASIH
521,Rungkut,Apotek,swasta,VIVA GENERIK MEDOKAN SAWAH
522,Rungkut,Apotek,swasta,K - 24 RUNGKUT ASRI
523,Rungkut,Apotek,swasta,JECONIA
524,Rungkut,Apotek,swasta,HASIL
525,Rungkut,Apotek,swasta,VIVA APOTEK WONOREJO SELATAN
526,Rungkut,Apotek,swasta,MEGA RAYA
527,Rungkut,Apotek,swasta,K 24 RUNGKUT MADYA
528,Rungkut,Apotek,swasta,SAHABAT MEDIKA
529,Rungkut,Apotek,swasta,VIVA APOTEK RUNGKUT MEJOYO
530,Rungkut,Apotek,swasta,K-24 MEDOKAN AYU
531,Rungkut,Apotek,swasta,DASSA ALPHA
532,Rungkut,Apotek,swasta,FORA MEDICAL
533,Rungkut,Apotek,swasta,MEI FARMA
534,Rungkut,Apotek,swasta,K24 Tenggilis
535,Rungkut,Apotek,swasta,Rungkut Sehat
536,Rungkut,Apotek,swasta,Rungkut
537,Rungkut,Toko Obat,swasta,toko Obat PT. Trans Retail Indonesia Cabang Transmart Carrefour Rungkut Surabaya
538,Rungkut,Toko Obat,swasta,Super Indo Rungkut
539,Rungkut,Toko Obat,swasta,BERKAT WAHYU
540,Rungkut,Klinik Pratama,swasta,WIDYA MANDIRI
541,Rungkut,Klinik Pratama,swasta,dr. EKO
542,Rungkut,Klinik Pratama,swasta,PT. HM Sampoerna Tbk
543,Rungkut,Klinik Pratama,swasta,CITA HUSADA
544,Rungkut,Klinik Pratama,swasta,PT.HM Sampoerna Tbk
545,Rungkut,Klinik Pratama,swasta,YAYUK ISMAIL
546,Rungkut,Klinik Pratama,swasta,PT. UNILEVER INDONESIA Tbk
547,Rungkut,Klinik Pratama,swasta,D'ESTHETICO
548,Rungkut,Klinik Pratama,swasta,UBAYA
549,Rungkut,Klinik Pratama,swasta,NAYAKA HUSADA 42
550,Rungkut,Klinik Pratama,swasta,dr. NICE
551,Rungkut,Klinik Pratama,swasta,MEDIKA PRADHANA
552,Rungkut,Klinik Pratama,swasta,MICHELLE
553,Rungkut,Klinik Pratama,swasta,SUPER SKIN
554,Rungkut,Klinik Pratama,swasta,ROYAL CLINIC MERR
555,Rungkut,Klinik Pratama,swasta,DELOVELY RUNGKUT
556,Rungkut,Klinik Pratama,swasta,KESAYANGAN
557,Rungkut,Klinik Utama,swasta,PUSURA RUNGKUT
558,Rungkut,Klinik Utama,swasta,dr. HARYO Eye Care
559,Rungkut,Klinik Utama,swasta,ANARE
560,Rungkut,Klinik Utama,swasta,CT KLINIK
561,Sambikerep,Puskesmas Induk,Pemerintah Kota,Puskesmas Lontar
562,Sambikerep,Puskesmas Induk,Pemerintah Kota,Puskesmas Made
563,Sambikerep,Rumah Sakit Khusus,Swasta,RS Ibu dan Anak Nur Ummi Numbi
564,Sambikerep,Rumah Sakit Khusus,Swasta,RS Ibu dan Anak Lombok Dua Dua Lontar
565,Sambikerep,Apotek,swasta,TENGGER 3
566,Sambikerep,Apotek,swasta,GLORY
567,Sambikerep,Apotek,swasta,GEMMA FARMA
568,Sambikerep,Apotek,swasta,BRINGIN INDAH
569,Sambikerep,Apotek,swasta,TIARA CITRA RAYA
570,Sambikerep,Apotek,swasta,VIVA GENERIK BUMI INDAH
571,Sambikerep,Apotek,swasta,SAMBIKEREP
572,Sambikerep,Apotek,swasta,APP 2 LONTAR
573,Sambikerep,Apotek,swasta,AQILAH
574,Sambikerep,Apotek,swasta,MANUKAN
575,Sambikerep,Apotek,swasta,RODISON
576,Sambikerep,Apotek,swasta,ANUGERAH MEDIKA
577,Sambikerep,Apotek,swasta,UTAMA SAMBIKEREP
578,Sambikerep,Apotek,swasta,K24 LONTAR
579,Sambikerep,Toko Obat,swasta,HYPERMART SUPERMALL PAKUWON INDAH
580,Sambikerep,Toko Obat,swasta,BAROKAH
581,Sambikerep,Klinik Pratama,swasta,"POLY ""PT. PAKUWON PERMAI"""
582,Sambikerep,Klinik Pratama,swasta,ERHA APOTHECARY
583,Sambikerep,Klinik Pratama,swasta,CAHAYA DAMAI
584,Sambikerep,Klinik Pratama,swasta,MEDPOINT
585,Sambikerep,Klinik Pratama,swasta,MIFTACHUL MUNIR MEDIKA
586,Sambikerep,Klinik Pratama,swasta,THE EMDEE SKIN CLINIC
587,Sambikerep,Klinik Pratama,swasta,HAYYU SYAR'I
588,Sambikerep,Klinik Utama,swasta,EZMO CLINIC
589,Sambikerep,Klinik Utama,swasta,LINA LICA
590,Sambikerep,Klinik Utama,swasta,TEETH TOOTH
591,Sawahan,Apotek,lainnya,KIMIA FARMA NO.243
592,Sawahan,Puskesmas Induk,Pemerintah Kota,Puskesmas Banyu Urip
593,Sawahan,Puskesmas Induk,Pemerintah Kota,Puskesmas Pakis
594,Sawahan,Puskesmas Induk,Pemerintah Kota,Puskesmas Putat Jaya
595,Sawahan,Puskesmas Induk,Pemerintah Kota,Puskesmas Sawahan
596,Sawahan,Puskesmas Pembantu (Pustu),Pemerintah Kota,Pustu Petemon
597,Sawahan,Puskesmas Pembantu (Pustu),Pemerintah Kota,Pustu Putat Jaya
598,Sawahan,Puskesmas Pembantu (Pustu),Pemerintah Kota,Pustu Simokatrungan
599,Sawahan,Rumah Sakit Umum,Swasta,Mayapada Hospital Surabaya
600,Sawahan,Apotek,swasta,AGAPE
601,Sawahan,Apotek,swasta,MITRA FARMA
602,Sawahan,Apotek,swasta,KHEN
603,Sawahan,Apotek,swasta,PURI FARMA
604,Sawahan,Apotek,swasta,MENGGALA
605,Sawahan,Apotek,swasta,STEVEN
606,Sawahan,Apotek,swasta,DWI JAYA
607,Sawahan,Apotek,swasta,SUGENG
608,Sawahan,Apotek,swasta,FAJAR
609,Sawahan,Apotek,swasta,TENOJAYA
610,Sawahan,Apotek,swasta,TOWER FARMA
611,Sawahan,Apotek,swasta,ARI FARMA
612,Sawahan,Apotek,swasta,DAMAI
613,Sawahan,Apotek,swasta,C n C
614,Sawahan,Apotek,swasta,DEWI FARMA
615,Sawahan,Apotek,swasta,VIVA APOTEK SIMO GUNUNG
616,Sawahan,Apotek,swasta,VIVA APOTEK BANYU URIP WETAN
617,Sawahan,Apotek,swasta,PELITA JAYA
618,Sawahan,Apotek,swasta,VIVA APOTEK PACUAN KUDA
619,Sawahan,Apotek,swasta,MZ 8
620,Sawahan,Apotek,swasta,VIVA APOTEK PETEMON BARAT
621,Sawahan,Apotek,swasta,PAHALA PACUAN
622,Sawahan,Apotek,swasta,K-24 SIMO KWAGEAN
623,Sawahan,Toko Obat,swasta,SUMBER SELAMET
624,Sawahan,Toko Obat,swasta,Multi Sehat Jaya
625,Sawahan,Klinik Utama,swasta,PRAMITA
626,Sawahan,Klinik Pratama,swasta,HIDAYAH
627,Sawahan,Klinik Pratama,swasta,KIMIA FARMA BANYU URIP
628,Sawahan,Klinik Pratama,swasta,CLARICE
629,Sawahan,Klinik Pratama,swasta,DELOVELY
630,Sawahan,Klinik Pratama,swasta,BDS PACUAN KUDA
631,Sawahan,Klinik Pratama,swasta,PUSURA SUNGKONO
632,Sawahan,Klinik Pratama,swasta,Lazarus
633,Sawahan,Klinik Utama,swasta,dr. RUSTIADJI
634,Sawahan,Klinik Utama,swasta,PRAMITA
635,Semampir,Klinik Pratama,lainnya,AMPEL
636,Semampir,Puskesmas Induk,Pemerintah Kota,Puskesmas Pegirian
637,Semampir,Puskesmas Induk,Pemerintah Kota,Puskesmas Sawah Pulo
638,Semampir,Puskesmas Induk,Pemerintah Kota,Puskesmas Sidotopo
639,Semampir,Puskesmas Induk,Pemerintah Kota,Puskesmas Wonokusumo
640,Semampir,Puskesmas Pembantu (Pustu),Pemerintah Kota,Pustu Pegirian
641,Semampir,Puskesmas Pembantu (Pustu),Pemerintah Kota,Pustu Wonokusumo
642,Semampir,Rumah Sakit Umum,Pemerintah Provinsi,RS Husada Prima
643,Semampir,Apotek,swasta,KEMAJUAN
644,Semampir,Apotek,swasta,MUSTIKA JAYA I
645,Semampir,Apotek,swasta,WONOSARI MEDIKA
646,Semampir,Apotek,swasta,AMIRA
647,Semampir,Apotek,swasta,SURAMADU
648,Semampir,Apotek,swasta,PERMATA P
649,Semampir,Apotek,swasta,VIVA GENERIK WONOKUSUMO
650,Semampir,Apotek,swasta,AZIFAH
651,Semampir,Apotek,swasta,ALMIRA
652,Semampir,Apotek,swasta,K24 WONOKUSUMO
653,SEMAMPIR,Apotek,swasta,RAFA FARMA BULAK JAYA
654,Semampir,Apotek,swasta,BERLIN 3
655,SEMAMPIR,Apotek,swasta,KAHA
656,Semampir,Klinik Pratama,swasta,WACHID HASYIM
657,Semampir,Klinik Pratama,swasta,MEDISKA SIDOTOPO
658,Semampir,Klinik Pratama,swasta,INDOSEHAT 2003
659,Semampir,Klinik Utama,swasta,PROSPEK
660,Semampir,Klinik Utama,swasta,INDOSEHAT 2003
661,Semampir,Klinik Pratama,TNI/POLRI,dr. IDRIS P. SIREGAR
662,Simokerto,Apotek,lainnya,KIMIA FARMA TAMBAK REJO
663,Simokerto,Rumah Sakit Umum,Pemerintah Kota,RS Umum Daerah dr. Mohamad Soewandhie
664,Simokerto,Puskesmas Induk,Pemerintah Kota,Puskesmas Simolawang
665,Simokerto,Puskesmas Induk,Pemerintah Kota,Puskesmas Tambakrejo
666,Simokerto,Puskesmas Pembantu (Pustu),Pemerintah Kota,Pustu Kapasari
667,Simokerto,Puskesmas Pembantu (Pustu),Pemerintah Kota,Pustu Kapasan
668,Simokerto,Puskesmas Pembantu (Pustu),Pemerintah Kota,Pustu Granting
669,Simokerto,Puskesmas Pembantu (Pustu),Pemerintah Kota,Pustu Kebondalem
670,Simokerto,Puskesmas Pembantu (Pustu),Pemerintah Kota,Pustu Sidodadi
671,Simokerto,Puskesmas Pembantu (Pustu),Pemerintah Kota,Pustu Sidoyoso Kali
672,Simokerto,Rumah Sakit Umum,Pemerintah Provinsi,RS Umum Daerah Dr. Soetomo
673,Simokerto,Rumah Sakit Umum,Swasta,RS Umum Adi Husada Kapasari
674,Simokerto,Apotek,swasta,BHUMYAMCA II
675,Simokerto,Apotek,swasta,SEGARAN
676,Simokerto,Apotek,swasta,MATAHARI FARMA
677,Simokerto,Apotek,swasta,K - 24 KAPASARI
678,Simokerto,Apotek,swasta,SUMBER WARAS
679,Simokerto,Apotek,swasta,TERAS PHARMA
680,Simokerto,Toko Obat,swasta,KENDJERAN
681,Simokerto,Toko Obat,swasta,toko Obat PT. Trans Retail Indonesia Cabang Carrefour ITC Mega Grosir Surabaya
682,Simokerto,Klinik Utama,swasta,PROSPEK (SIMOKERTO)
683,Sukolilo,Apotek,lainnya,KIMIA FARMA KLAMPIS
684,SUKOLILO,Apotek,lainnya,KIMIA FARMA MENUR
685,Sukolilo,Puskesmas Induk,Pemerintah Kota,Puskesmas Keputih
686,Sukolilo,Puskesmas Induk,Pemerintah Kota,Puskesmas Klampis Ngasem
687,Sukolilo,Puskesmas Induk,Pemerintah Kota,Puskesmas Menur
688,Sukolilo,Puskesmas Pembantu (Pustu),Pemerintah Kota,Pustu Gebang Putih
689,Sukolilo,Puskesmas Pembantu (Pustu),Pemerintah Kota,Pustu Medokan Semampir
690,Sukolilo,Puskesmas Pembantu (Pustu),Pemerintah Kota,Pustu Semolowaru
691,Sukolilo,Rumah Sakit Umum,Pemerintah Provinsi,RS Umum Haji Surabaya
692,Sukolilo,Klinik Utama,Pemerintah Provinsi Jawa Timur,EMBARKASI HAJI SURABAYA
693,Sukolilo,Rumah Sakit Khusus,Swasta,RS Onkologi
694,Sukolilo,Rumah Sakit Umum,Swasta,RS Premier Surabaya
695,Sukolilo,Rumah Sakit Khusus,Swasta,RS Ibu dan Anak Putri Surabaya
696,Sukolilo,Rumah Sakit Umum,Swasta,RS Gotong Royong
697,Sukolilo,Apotek,swasta,MENUR
698,Sukolilo,Apotek,swasta,PRIMADANA
699,Sukolilo,Apotek,swasta,LIBRA
700,Sukolilo,Apotek,swasta,KENJERAN
701,Sukolilo,Apotek,swasta,ASTI FARMA
702,Sukolilo,Apotek,swasta,NATANETTE
703,Sukolilo,Apotek,swasta,LIBRA 2
704,Sukolilo,Apotek,swasta,SELARAS
705,Sukolilo,Apotek,swasta,KARYA SUKSES
706,Sukolilo,Apotek,swasta,K-24 MANYAR
707,Sukolilo,Apotek,swasta,LATOVI
708,Sukolilo,Apotek,swasta,EXPRESS
709,Sukolilo,Apotek,swasta,SENTRA BERKAT
710,Sukolilo,Apotek,swasta,K-24 KLAMPIS
711,Sukolilo,Apotek,swasta,DR. RATNA
712,Sukolilo,Apotek,swasta,SEMAMPIR RAYA
713,Sukolilo,Apotek,swasta,CENTRO FARMA
714,Sukolilo,Apotek,swasta,AALIYA FARMA
715,Sukolilo,Apotek,swasta,RACHMAT
716,Sukolilo,Apotek,swasta,TERANG FARMA
717,Sukolilo,Apotek,swasta,K24 KEPUTIH
718,Sukolilo,Apotek,swasta,ANYA
719,sukolilo,Apotek,swasta,TRIA FARMA
720,Sukolilo,Apotek,swasta,Lifepack
721,Sukolilo,Toko Obat,swasta,SUPER INDO SEMOLOWARU
722,SUKOLILO,Toko Obat,swasta,SUPER INDO ARIF RAHMAN HAKIM
723,Sukolilo,Toko Obat,swasta,GUARDIAN AR HAKIM
724,Sukolilo,Toko Obat,swasta,KLAMPIS SEMOLO
725,Sukolilo,Toko Obat,swasta,Hypermart Arief Rachman Hakim
726,Sukolilo,Klinik Pratama,swasta,STIESIA
727,Sukolilo,Klinik Pratama,swasta,EMDEE
728,Sukolilo,Klinik Pratama,swasta,GOTONG ROYONG I
729,Sukolilo,Klinik Pratama,swasta,MEDICAL CENTER ITS
730,Sukolilo,Klinik Pratama,swasta,dr. RETNAWATI
731,Sukolilo,Klinik Pratama,swasta,SILOAM SURABAYA
732,Sukolilo,Klinik Pratama,swasta,FACENA
733,Sukolilo,Klinik Pratama,swasta,FLORA HOUSE OF BEAUTY
734,Sukolilo,Klinik Pratama,swasta,EVINE
735,Sukolilo,Klinik Pratama,swasta,EMDEE
736,Sukolilo,Klinik Utama,swasta,SENTRA REHABILITASI MEDIK MERIDIAN
737,Sukolilo,Klinik Utama,swasta,Universitas 17 Agustus 1945 (UNTAG) Surabaya
738,Sukolilo,Klinik Utama,swasta,LESTARI
739,Sukolilo,Klinik Utama,swasta,D-ARTS DENTAL CLINIC
740,Sukolilo,Klinik Utama,swasta,JET - Z DENTAL AESTHETIC CLINIC
741,Sukomanunggal,Apotek,lainnya,KIMIA FARMA KUPANG JAYA
742,Sukomanunggal,Apotek,lainnya,KIMIA FARMA HR MUHAMMAD
743,Sukomanunggal,Puskesmas Induk,Pemerintah Kota,Puskesmas Simomulyo
744,Sukomanunggal,Puskesmas Induk,Pemerintah Kota,Puskesmas Tanjungsari
745,Sukomanunggal,Puskesmas Pembantu (Pustu),Pemerintah Kota,Pustu Putat Gede
746,Sukomanunggal,Puskesmas Pembantu (Pustu),Pemerintah Kota,Pustu Simohilir
747,Sukomanunggal,Puskesmas Pembantu (Pustu),Pemerintah Kota,Pustu Sonokawijenan
748,Sukomanunggal,Klinik Pratama,Pemerintah Provinsi Jawa Timur,BNN PROVINSI JAWA TIMUR
749,Sukomanunggal,Rumah Sakit Umum,Swasta,RS Umum Mitra Keluarga Surabaya
750,Sukomanunggal,Apotek,swasta,SATELITE
751,Sukomanunggal,Apotek,swasta,SAPUTRA JAYA
752,Sukomanunggal,Apotek,swasta,KUPANG BARU
753,Sukomanunggal,Apotek,swasta,TIARA SATELIT
754,Sukomanunggal,Apotek,swasta,HANSEN
755,Sukomanunggal,Apotek,swasta,AL FALAH
756,Sukomanunggal,Apotek,swasta,WATSONS LAGOON SUNGKONO
757,Sukomanunggal,Apotek,swasta,K-24 SUKOMANUNGGAL
758,Sukomanunggal,Apotek,swasta,K-24 Bukit Darmo
759,Sukomanunggal,Toko Obat,swasta,SUPER INDO SATELIT UTARA
760,Sukomanunggal,Klinik Pratama,swasta,DINAYLA UTAMA 84
761,Sukomanunggal,Klinik Pratama,swasta,ELYON
762,Sukomanunggal,Klinik Pratama,swasta,L'VIORS
763,Sukomanunggal,Klinik Pratama,swasta,ID BEAUTY CLINIC
764,Sukomanunggal,Klinik Pratama,swasta,LARISSA
765,Sukomanunggal,Klinik Pratama,swasta,FAIZAH MEDIKA
766,Sukomanunggal,Klinik Utama,swasta,ABDI MULIA
767,Sukomanunggal,Klinik Utama,swasta,KASIH KARUNIA
768,Sukomanunggal,Klinik Utama,swasta,ABDI MULIA
769,Sukomanunggal,Klinik Utama,swasta,PRIMED
770,Tambaksari,Klinik Pratama,lainnya,POLKES 05.09.04 SURABAYA
771,Tambaksari,Puskesmas Induk,Pemerintah Kota,Puskesmas Gading
772,Tambaksari,Puskesmas Induk,Pemerintah Kota,Puskesmas Pacar Keling
773,Tambaksari,Puskesmas Induk,Pemerintah Kota,Puskesmas Rangkah
774,Tambaksari,Puskesmas Pembantu (Pustu),Pemerintah Kota,Pustu Karang Empat
775,Tambaksari,Rumah Sakit Umum,Swasta,RS Husada Utama Surabaya
776,Tambaksari,Apotek,swasta,BLESSING
777,Tambaksari,Apotek,swasta,SUPER FARMA
778,Tambaksari,Apotek,swasta,LESTARI FARMA
779,Tambaksari,Apotek,swasta,K24 KAPAS KRAMPUNG
780,Tambaksari,Apotek,swasta,PRIMADONA
781,Tambaksari,Apotek,swasta,PUTERI BUANA
782,Tambaksari,Apotek,swasta,PERMATA
783,Tambaksari,Apotek,swasta,TING - TING FARMA
784,Tambaksari,Apotek,swasta,VIVA APOTEK DUKUH SETRO
785,Tambaksari,Apotek,swasta,178
786,Tambaksari,Apotek,swasta,SILVIANA
787,Tambaksari,Apotek,swasta,VIVA APOTEK KAPAS MADYA
788,Tambaksari,Apotek,swasta,GOLDEN FARMA
789,Tambaksari,Apotek,swasta,JOYFUL
790,Tambaksari,Apotek,swasta,SAHABAT SEHAT
791,Tambaksari,Apotek,swasta,GABRIEL
792,Tambaksari,Apotek,swasta,NICHO
793,Tambaksari,Apotek,swasta,BASKARA
794,Tambaksari,Apotek,swasta,SABILILLAH
795,Tambaksari,Apotek,swasta,SYIFA
796,Tambaksari,Apotek,swasta,K - 24 PLOSO
797,Tambaksari,Apotek,swasta,MALIKA
798,Tambaksari,Apotek,swasta,BK
799,Tambaksari,Apotek,swasta,MEKAR REJEKI FARMA
800,Tambaksari,Apotek,swasta,DUKUH SETRO
801,Tambaksari,Apotek,swasta,VIVA APOTEK KARANG ASEM
802,Tambaksari,Toko Obat,swasta,WAN FU DANG
803,Tambaksari,Toko Obat,swasta,WAN HO DANG
804,Tambaksari,Klinik Pratama,swasta,TABITA
805,Tambaksari,Klinik Pratama,swasta,MEDISKA SURABAYA GUBENG
806,Tambaksari,Klinik Pratama,swasta,WISMA HUSADA
807,Tambaksari,Klinik Pratama,swasta,SURYA GIRI JAYA 122
808,Tambaksari,Klinik Pratama,swasta,PALANG MERAH INDONESIA
809,Tambaksari,Klinik Pratama,swasta,ALBA MEDIKA
810,Tambaksari,Klinik Pratama,swasta,INDIRA
811,Tambaksari,Klinik Pratama,swasta,KAPAS MADYA
812,Tambaksari,Klinik Pratama,swasta,KEELA
813,Tambaksari,Klinik Pratama,swasta,ESTETIKA LARISSA
814,Tambaksari,Klinik Pratama,swasta,BEAUDENT
815,Tambaksari,Klinik Utama,swasta,WALUYO JATI
816,Tambaksari,Klinik Utama,swasta,VINCENTIUS KRISTUS RAJA
817,Tambaksari,Klinik Utama,swasta,SAHABAT MEDIKA
818,Tambaksari,Klinik Utama,swasta,ADI GUNA
819,Tandes,Apotek,lainnya,PRIMA ANUGERAH
820,Tandes,Puskesmas Induk,Pemerintah Kota,Puskesmas Balongsari
821,Tandes,Puskesmas Induk,Pemerintah Kota,Puskesmas Manukan Kulon
822,Tandes,Puskesmas Pembantu (Pustu),Pemerintah Kota,Pustu Banjarsugihan
823,Tandes,Puskesmas Pembantu (Pustu),Pemerintah Kota,Pustu Buntaran
824,Tandes,Rumah Sakit Umum,Swasta,RS Muji Rahayu
825,Tandes,Apotek,swasta,JAYA MULYA
826,Tandes,Apotek,swasta,AMORITA FARMA
827,Tandes,Apotek,swasta,MUKTI HUSADA
828,Tandes,Apotek,swasta,KRAJAN
829,Tandes,Apotek,swasta,K - 24 DARMO INDAH
830,Tandes,Apotek,swasta,K24 BALONGSARI TAMA
831,Tandes,Apotek,swasta,WATSONS FOOD JUNCTION
832,Tandes,Apotek,swasta,MITRA SEHAT
833,Tandes,Apotek,swasta,Rafa Farma Manukan
834,Tandes,Toko Obat,swasta,SUPER INDO MANUKAN
835,Tandes,Toko Obat,swasta,Boston food junction
836,Tandes,Toko Obat,swasta,Toko Obat Hypermart Foodjunction
837,Tandes,Klinik Pratama,swasta,PT. GELORA DJAJA
838,Tandes,Klinik Pratama,swasta,PERDANA HUSADA
839,Tandes,Klinik Pratama,swasta,SARTIKA 59
840,Tandes,Klinik Pratama,swasta,NAYAKA HUSADA TANDES
841,Tandes,Klinik Pratama,swasta,dr. EKO
842,Tandes,Klinik Pratama,swasta,DINAYLA UTAMA 105
843,Tandes,Klinik Pratama,swasta,KEBANGKITAN
844,Tandes,Klinik Pratama,swasta,DELOVELY
845,Tandes,Klinik Pratama,swasta,PUSURA BALONGSARI
846,Tegalsari,Apotek,lainnya,KIMIA FARMA 26
847,Tegalsari,Apotek,lainnya,KIMIA FARMA 25
848,Tegalsari,Apotek,lainnya,KIMIA FARMA 45
849,Tegalsari,Puskesmas Induk,Pemerintah Kota,Puskesmas Dr. Soetomo
850,Tegalsari,Puskesmas Induk,Pemerintah Kota,Puskesmas Kedungdoro
851,Tegalsari,Puskesmas Pembantu (Pustu),Pemerintah Kota,Pustu Keputran
852,Tegalsari,Rumah Sakit Umum,Swasta,RS Surabaya Medical Service
853,Tegalsari,Rumah Sakit Khusus,Swasta,RS Ibu dan Anak Pusura Tegalsari
854,Tegalsari,Rumah Sakit Umum,Swasta,RS Darmo
855,Tegalsari,Apotek,swasta,PANACEA
856,Tegalsari,Apotek,swasta,AGUNG FARMA
857,Tegalsari,Apotek,swasta,SUMBER FARMA
858,Tegalsari,Apotek,swasta,POLYFARMA 61
859,Tegalsari,Apotek,swasta,GUARDIAN PT HERO SUPERMARKET
860,Tegalsari,Apotek,swasta,TENGGER I
861,Tegalsari,Apotek,swasta,WIDYA FARMA
862,Tegalsari,Apotek,swasta,TRUNOJOYO
863,Tegalsari,Apotek,swasta,TIRTA FARMA
864,Tegalsari,Apotek,swasta,CENTURY TUNJUNGAN PLAZA
865,Tegalsari,Apotek,swasta,K-24 KEDUNGSARI
866,Tegalsari,Apotek,swasta,MUSI
867,Tegalsari,Apotek,swasta,WATSONS TUNJUNGAN PLAZA
868,Tegalsari,Apotek,swasta,VIVA APOTEK KAMPUNG MALANG
869,Tegalsari,Apotek,swasta,Watsons Tunjungan Plaza 6
870,Tegalsari,Apotek,swasta,KAPUAS FARMA
871,Tegalsari,Apotek,swasta,GUARDIAN TUNJUNGAN PLAZA 6 SURABAYA
872,Tegalsari,Toko Obat,swasta,HERO TUNJUNGAN PLAZA
873,Tegalsari,Klinik Pratama,swasta,ALAMANDA
874,Tegalsari,Klinik Pratama,swasta,ANUGERAH MULIA ( GKI )
875,Tegalsari,Klinik Pratama,swasta,PROFIRA
876,Tegalsari,Klinik Pratama,swasta,ZAP TUNJUNGAN PLAZA
877,Tegalsari,Klinik Pratama,swasta,ERHA APOTHECARY
878,Tegalsari,Klinik Pratama,swasta,FRESH FACE SKIN CARE CLINIC
879,Tegalsari,Klinik Pratama,swasta,MIRACLE TP
880,Tegalsari,Klinik Pratama,swasta,ORISKIN
881,Tegalsari,Klinik Pratama,swasta,LIGHT HOUSE
882,Tegalsari,Klinik Pratama,swasta,GLAFIDYSYA MEDIKA
883,Tegalsari,Klinik Pratama,swasta,ATHENA
884,Tegalsari,Klinik Utama,swasta,ESTETIKA dr. AFFANDI
885,Tegalsari,Klinik Utama,swasta,ESTHER
886,Tegalsari,Klinik Utama,swasta,HAIRTRANS CLINIC
887,Tegalsari,Klinik Utama,swasta,ERHA CLINIC SURABAYA
888,Tegalsari,Klinik Utama,swasta,DRYN
889,Tegalsari,Klinik Utama,swasta,BIOTEST
890,Tegalsari,Klinik Utama,swasta,BIOTEST
891,Tegalsari,Klinik Utama,swasta,MELANIA
892,Tegalsari,Klinik Utama,swasta,ZAP BLAMBANGAN (KHUSUS WANITA DAN ANAK)
893,Tegalsari,Klinik Utama,swasta,M2C DENTAL
894,Tenggilis Mejoyo,Apotek,lainnya,KIMIA FARMA 23 KENDANGSARI
895,Tenggilis Mejoyo,Puskesmas Induk,Pemerintah Kota,Puskesmas Tenggilis
896,Tenggilis Mejoyo,Puskesmas Pembantu (Pustu),Pemerintah Kota,Pustu Kutisari
897,Tenggilis Mejoyo,Rumah Sakit Khusus,Swasta,RS Ibu dan Anak Kendangsari Surabaya
898,Tenggilis Mejoyo,Apotek,swasta,SABA
899,Tenggilis Mejoyo,Apotek,swasta,MAHKOTA FARMA
900,Tenggilis Mejoyo,Apotek,swasta,KHARISMA
901,Tenggilis Mejoyo,Apotek,swasta,BIOS FARMA
902,Tenggilis Mejoyo,Apotek,swasta,ADAM FARMA
903,Tenggilis Mejoyo,Apotek,swasta,AR
904,Tenggilis Mejoyo,Apotek,swasta,VIVA GENERIK TENGGILIS KAUMAN
905,Tenggilis Mejoyo,Apotek,swasta,VIVA GENERIK KENDANGSARI
906,Tenggilis Mejoyo,Apotek,swasta,DEALOVA
907,Tenggilis Mejoyo,Apotek,swasta,BYUNGBYOUNG
908,Tenggilis Mejoyo,Apotek,swasta,Shane Farma
909,Tenggilis Mejoyo,Toko Obat,swasta,INDOGROSIR
910,Tenggilis Mejoyo,Toko Obat,swasta,SUPER INDO JEMURSARI
911,Tenggilis Mejoyo,Klinik Pratama,swasta,MEDICO SIER
912,Tenggilis Mejoyo,Klinik Pratama,swasta,NURANI JAYA 37
913,Tenggilis Mejoyo,Klinik Pratama,swasta,SUMBER CAHAYA ANUGERAH
914,Tenggilis Mejoyo,Klinik Pratama,swasta,LARISSA AESTHETIC TENGGILIS
915,Tenggilis Mejoyo,Klinik Utama,swasta,SENTRA MEDIKA SURABAYA
916,Tenggilis Mejoyo,Klinik Utama,swasta,METRODENT
917,Tenggilis Mejoyo,Klinik Utama,swasta,WESTERINDO
918,Wiyung,Apotek,lainnya,KIMIA FARMA LONTAR
919,Wiyung,Apotek,lainnya,KIMIA FARMA WIYUNG 2
920,Wiyung,Puskesmas Induk,Pemerintah Kota,Puskesmas Balas Klumprik
921,Wiyung,Puskesmas Induk,Pemerintah Kota,Puskesmas Wiyung
922,Wiyung,Puskesmas Pembantu (Pustu),Pemerintah Kota,Pustu Babatan
923,Wiyung,Rumah Sakit Umum,Swasta,RS Wijaya Surabaya
924,Wiyung,Rumah Sakit Umum,Swasta,RS National Hospital
925,Wiyung,Rumah Sakit Khusus,Swasta,RS Ibu dan Anak Graha Medika
926,Wiyung,Rumah Sakit Umum,Swasta,RS Wiyung Sejahtera
927,Wiyung,Apotek,swasta,SINAR HUSADA
928,Wiyung,Apotek,swasta,RIA FARMA
929,Wiyung,Apotek,swasta,RIFKY
930,Wiyung,Apotek,swasta,PASYHA
931,Wiyung,Apotek,swasta,PUSPASARI
932,Wiyung,Apotek,swasta,MEGAH
933,Wiyung,Apotek,swasta,K - 24 WIYUNG
934,Wiyung,Apotek,swasta,TATA
935,Wiyung,Apotek,swasta,X WATERPLACE
936,Wiyung,Apotek,swasta,K - 24 MENGANTI
937,Wiyung,Apotek,swasta,WIFA FARMA
938,Wiyung,Apotek,swasta,DENYRA
939,Wiyung,Apotek,swasta,Daffa Farma
940,Wiyung,Apotek,swasta,Tia Farma
941,Wiyung,Toko Obat,swasta,SUPER INDO ROYAL SQUARE
942,Wiyung,Klinik Utama,swasta,SKIN A
943,Wiyung,Klinik Pratama,swasta,MITRA SEHAT
944,Wiyung,Klinik Pratama,swasta,ROYAL DIAMOND
945,Wiyung,Klinik Pratama,swasta,ALAMANDA
946,Wiyung,Klinik Pratama,swasta,MAXINE AESTHETIC CLINIC
947,Wiyung,Klinik Pratama,swasta,DINA
948,Wiyung,Klinik Utama,swasta,SKIN A
949,Wonocolo,Apotek,lainnya,KIMIA FARMA 166
950,Wonocolo,Apotek,lainnya,Kimia Farma 836 Estheva
951,Wonocolo,Klinik Pratama,lainnya,POLTEKBANG SURABAYA
952,Wonocolo,Puskesmas Induk,Pemerintah Kota,Puskesmas Jemursari
953,Wonocolo,Puskesmas Induk,Pemerintah Kota,Puskesmas Sidosermo
954,Wonocolo,Puskesmas Induk,Pemerintah Kota,Puskesmas Siwalankerto
955,Wonocolo,Puskesmas Pembantu (Pustu),Pemerintah Kota,Pustu Bendul Merisi
956,Wonocolo,Puskesmas Pembantu (Pustu),Pemerintah Kota,Pustu Margorejo
957,Wonocolo,Rumah Sakit Umum,Swasta,RS Umum Islam Surabaya Jemursari
958,Wonocolo,Rumah Sakit Khusus,Swasta,RS Ibu dan Anak Perdana Medica
959,Wonocolo,Apotek,swasta,KUTISARI
960,Wonocolo,Apotek,swasta,RAHARDJO
961,Wonocolo,Apotek,swasta,FARMARIN
962,Wonocolo,Apotek,swasta,NUR SEHAT
963,Wonocolo,Apotek,swasta,SIWALAN
964,Wonocolo,Apotek,swasta,MALEO
965,Wonocolo,Apotek,swasta,APOLLO
966,Wonocolo,Apotek,swasta,TERANG JAYA
967,Wonocolo,Apotek,swasta,K - 24 JEMURSARI
968,Wonocolo,Apotek,swasta,JES 8
969,Wonocolo,Apotek,swasta,VIVA APOTEK SIWALANKERTO
970,Wonocolo,Apotek,swasta,SAMINA
971,Wonocolo,Apotek,swasta,SUGIH WARAS MAKMUR
972,Wonocolo,Apotek,swasta,MORO SEHAT
973,Wonocolo,Apotek,swasta,MARGOREJO INDAH
974,WONOCOLO,Apotek,swasta,VIVA APOTEK SIDOSERMO AIRDAS
975,WONOCOLO,Apotek,swasta,VIVA APOTEK SIWALANKERTO THE SQUARE
976,Wonocolo,Klinik Pratama,swasta,CITA SEHAT
977,Wonocolo,Klinik Pratama,swasta,DINAYLA UTAMA 81
978,Wonocolo,Klinik Pratama,swasta,JEMURSARI EMPAT
979,Wonocolo,Klinik Pratama,swasta,UK PETRA
980,Wonocolo,Klinik Pratama,swasta,BRI MEDIKA SURABAYA
981,Wonocolo,Klinik Pratama,swasta,LORIS
982,Wonocolo,Klinik Utama,swasta,EL SHAFI
983,Wonocolo,Klinik Utama,swasta,DIALISA
984,Wonocolo,Klinik Utama,swasta,SURABAYA EYE CLINIC
985,Wonocolo,Klinik Utama,swasta,TIRTA MEDICAL CENTRE
986,Wonocolo,Klinik Utama,swasta,PRODIA (JEMURSARI)
987,Wonocolo,Klinik Utama,swasta,ERHA CLINIC CABANG JEMURSARI
988,Wonokromo,Klinik Pratama,lainnya,JALA HUSADA
989,Wonokromo,Puskesmas Induk,Pemerintah Kota,Puskesmas Jagir
990,Wonokromo,Puskesmas Induk,Pemerintah Kota,Puskesmas Ngagel Rejo
991,Wonokromo,Puskesmas Induk,Pemerintah Kota,Puskesmas Wonokromo
992,Wonokromo,Puskesmas Pembantu (Pustu),Pemerintah Kota,Pustu Sawunggaling
993,Wonokromo,Rumah Sakit Umum,Swasta,RS Umum Katholik Surabaya
994,Wonokromo,Rumah Sakit Umum,Swasta,RS William Booth Surabaya
995,Wonokromo,Rumah Sakit Umum,Swasta,RS Islam Surabaya
996,Wonokromo,Rumah Sakit Khusus,Swasta,RS Ibu dan Anak Lombok Dua Dua
997,Wonokromo,Rumah Sakit Khusus,Swasta,RS Gigi dan Mulut Nala Husada
998,Wonokromo,Apotek,swasta,OKEY FARMA
999,Wonokromo,Apotek,swasta,SATYA FARMA
1000,Wonokromo,Apotek,swasta,VALENTINE
1001,Wonokromo,Apotek,swasta,DUTA FARMA II
1002,Wonokromo,Apotek,swasta,DIPONEGORO
1003,Wonokromo,Apotek,swasta,TIARA 2
1004,Wonokromo,Apotek,swasta,SAHABAT
1005,Wonokromo,Apotek,swasta,ALDA
1006,Wonokromo,Apotek,swasta,VIZ FARMA
1007,Wonokromo,Apotek,swasta,RESTU SEHAT
1008,Wonokromo,Apotek,swasta,TOTAL LIFE CLINIC
1009,Wonokromo,Apotek,swasta,LOMBOK 25
1010,Wonokromo,Apotek,swasta,BOSTON HEALTH & BEAUTY ROYAL PLAZA
1011,Wonokromo,Apotek,swasta,VIVA APOTEK JETIS KULON
1012,Wonokromo,Apotek,swasta,GUARDIAN TRANSMART NGAGEL
1013,Wonokromo,Apotek,swasta,K-24 BENDUL MERISI
1014,Wonokromo,Toko Obat,swasta,Hypermart Royal
1015,Wonokromo,Toko Obat,swasta,PRIMO
1016,Wonokromo,Toko Obat,swasta,toko Obat PT. Trans Retail Indonesia Cabang Transmart ngagel
1017,Wonokromo,Klinik Pratama,swasta,Yakes Telkom
1018,Wonokromo,Klinik Pratama,swasta,GIGI BHAKTI KASIH
1019,Wonokromo,Klinik Pratama,swasta,Anugerah Karya Medika 103
1020,Wonokromo,Klinik Pratama,swasta,PERTAMINA JAGIR
1021,Wonokromo,Klinik Pratama,swasta,MEDIKA YANI II
1022,Wonokromo,Klinik Pratama,swasta,KIMIA FARMA SEBELAS MEDIKA
1023,Wonokromo,Klinik Pratama,swasta,HAYYU SYAR'I
1024,Wonokromo,Klinik Pratama,swasta,NOVATIC
1025,Wonokromo,Klinik Pratama,swasta,INDRAGIRI
1026,Wonokromo,Klinik Pratama,swasta,DNY SKIN CARE (KUTAI)
1027,Wonokromo,Klinik Pratama,swasta,DNY SKIN CARE (KUTISARI)
1028,Wonokromo,Klinik Utama,swasta,JOYOBOYO
1029,Wonokromo,Klinik Utama,swasta,BAWEAN ORTHOPAEDIC AND REHABILITATION MEDICINE CENTER SURABAYA
1030,Wonokromo,Klinik Utama,swasta,ELIZABETH MEDICAL CENTRE
1031,Wonokromo,Klinik Utama,swasta,PKBI JAWA TIMUR
1032,Wonokromo,Klinik Utama,swasta,TOTAL LIFE CLINIC
1033,Wonokromo,Klinik Utama,swasta,MEDIKA UTAMA
1034,Wonokromo,Klinik Utama,swasta,THE NEW BRAIN CLINIC
1035,Wonokromo,Klinik Utama,swasta,PRODIA HEALTH CARE
1036,Wonokromo,Klinik Utama,swasta,SANODOC
1037,Wonokromo,Klinik Utama,swasta,ILHAN EYE CENTER
1038,Wonokromo,Klinik Utama,swasta,INDAH DENTAL CARE
1039,Wonokromo,Klinik Utama,swasta,JEC-JAVA@SURABAYA
1040,Wonokromo,Klinik Utama,swasta,CAHAYA DIAGNOSTIC CENTRE
1041,Wonokromo,Klinik Utama,swasta,J GLOW
1042,Wonokromo,Klinik Utama,swasta,BENINGS
1043,Wonokromo,Rumah Sakit Umum,TNI/POLRI,RS Soemitro Lanud Surabaya
1044,Wonokromo,Rumah Sakit Umum,TNI/POLRI,RS dr. Ramelan
1045,Wonokromo,Rumah Sakit Umum,TNI/POLRI,RS Umum Tk. III Brawijaya
1046,Wonokromo,Klinik Pratama,TNI/POLRI,KESATRIAN
1047,"",Apotek,swasta,Berlin 5
1048,"",Klinik Utama,swasta,KU.Dharma Husada Eye Clinic
1049,"",Klinik Utama,swasta,KU.Mata Royal
1050,"",Klinik Utama,swasta,KU.Idental Villa Bukit Mas
1051,"",Klinik Utama,swasta,KU.Prospek (Simokerto)
1052,"",Klinik Utama,swasta,KU.Prodia
1053,"",Klinik Utama,swasta,KU.Pramita Ngagel
1054,"",Klinik Pratama,swasta,KP.Ella Skin Care
1055,"",Klinik Pratama,swasta,KP.Lavender
1056,"",Klinik Pratama,swasta,KP.BG Skin
1057,"",Klinik Pratama,swasta,KP.Maharva
1058,"",Klinik Pratama,swasta,KP.Biotech
1059,"",Klinik Pratama,swasta,KP.Maharva
1060,"",Klinik Pratama,swasta,KP.Beaudent
1061,"",Klinik Pratama,swasta,KP.Hayyu Syari Ngagel
1062,"",Klinik Pratama,swasta,KP.Kebangkitan
1063,"",Klinik Pratama,swasta,NAYAKA HUSADA 05
1064,"",Klinik Pratama,swasta,DERMASENSE
1065,"",Klinik Pratama,swasta,ANNABELLE'S SKIN CARE
1066,"",Klinik Pratama,swasta,GLOSKIN AESTHETIC CLINIC
1067,"",Klinik Pratama,swasta,NAAVAGREEN NATURAL SKINCARE
1068,"",Klinik Pratama,swasta,GLOBAL SEJAHTERA ABADA
1069,"",Klinik Pratama,swasta,LONDON BEAUTY CENTRE
1070,"",Klinik Pratama,swasta,PACIFIC CLINIC
1071,"",Klinik Pratama,swasta,KENCANA MEDIKA
1072,"",Klinik Pratama,swasta,B CLINIC
1073,"",Klinik Pratama,swasta,ESC ESL
1074,"",Klinik Utama,swasta,MIRACLE
1075,"",Klinik Utama,swasta,IMPROVE
1076,"",Klinik Utama,swasta,PRAMITA
1077,"",Klinik Utama,swasta,GIGI SEHAT EAST
1078,"",Klinik Utama,swasta,PHSC
1079,"",Klinik Utama,swasta,PROFIRA
1080,"",Klinik Utama,swasta,CIPUTRA SMG LASIK
1081,"",Klinik Utama,swasta,DR. SJAMSU
1082,"",Klinik Utama,swasta,PRAMITA
1083,"",Klinik Utama,swasta,DENTALAND
1084,"",Klinik Pratama,TNI/POLRI,ADHYAKSA KEJAKSAAN TINGGI JAWA TIMUR
1085,"",Klinik Pratama,TNI/POLRI,POLAIRUD
1086,"",Klinik Pratama,TNI/POLRI,SATLINLAMIL 2
